timeStamp,elapsed,label,responseCode,responseMessage,threadName,dataType,success,failureMessage,bytes,sentBytes,grpThreads,allThreads,URL,Latency,IdleTime,Connect
1658582559023,415,HTTP Request,200,OK,users_tg 1-1,text,true,,1297,179,1,1,http://localhost:8000/user/users,382,0,285
1658582899584,8,HTTP Request,200,OK,users_tg 1-1,text,true,,1297,179,1,1,http://localhost:8000/user/users,8,0,2
1658584241113,58,HTTP Request,200,OK,users_tg 1-29,text,true,,1297,179,100,100,http://localhost:8000/user/users,51,0,3
1658584241110,90,HTTP Request,200,OK,users_tg 1-7,text,true,,1297,179,100,100,http://localhost:8000/user/users,90,0,2
1658584241103,72,HTTP Request,200,OK,users_tg 1-26,text,true,,1297,179,100,100,http://localhost:8000/user/users,53,0,8
1658584241099,76,HTTP Request,200,OK,users_tg 1-53,text,true,,1297,179,100,100,http://localhost:8000/user/users,65,0,21
1658584241124,147,HTTP Request,200,OK,users_tg 1-14,text,true,,1297,179,96,96,http://localhost:8000/user/users,146,0,2
1658584241101,178,HTTP Request,200,OK,users_tg 1-34,text,true,,1297,179,95,95,http://localhost:8000/user/users,178,0,26
1658584240947,342,HTTP Request,200,OK,users_tg 1-54,text,true,,1297,179,94,94,http://localhost:8000/user/users,342,0,182
1658584241127,171,HTTP Request,200,OK,users_tg 1-52,text,true,,1297,179,93,93,http://localhost:8000/user/users,171,0,3
1658584241130,179,HTTP Request,200,OK,users_tg 1-55,text,true,,1297,179,92,92,http://localhost:8000/user/users,179,0,2
1658584241100,221,HTTP Request,200,OK,users_tg 1-100,text,true,,1297,179,91,91,http://localhost:8000/user/users,221,0,35
1658584240976,372,HTTP Request,200,OK,users_tg 1-51,text,true,,1297,179,90,90,http://localhost:8000/user/users,372,0,131
1658584241141,254,HTTP Request,200,OK,users_tg 1-11,text,true,,1297,179,89,89,http://localhost:8000/user/users,254,0,2
1658584241147,257,HTTP Request,200,OK,users_tg 1-6,text,true,,1297,179,88,88,http://localhost:8000/user/users,257,0,4
1658584241154,261,HTTP Request,200,OK,users_tg 1-4,text,true,,1297,179,87,87,http://localhost:8000/user/users,261,0,2
1658584241156,275,HTTP Request,200,OK,users_tg 1-95,text,true,,1297,179,86,86,http://localhost:8000/user/users,275,0,1
1658584241158,291,HTTP Request,200,OK,users_tg 1-30,text,true,,1297,179,85,85,http://localhost:8000/user/users,291,0,1
1658584241160,299,HTTP Request,200,OK,users_tg 1-18,text,true,,1297,179,84,84,http://localhost:8000/user/users,299,0,3
1658584241161,309,HTTP Request,200,OK,users_tg 1-23,text,true,,1297,179,83,83,http://localhost:8000/user/users,309,0,4
1658584241164,313,HTTP Request,200,OK,users_tg 1-96,text,true,,1297,179,82,82,http://localhost:8000/user/users,313,0,2
1658584240947,540,HTTP Request,200,OK,users_tg 1-89,text,true,,1297,179,81,81,http://localhost:8000/user/users,540,0,221
1658584240954,539,HTTP Request,200,OK,users_tg 1-31,text,true,,1297,179,80,80,http://localhost:8000/user/users,539,0,214
1658584240948,553,HTTP Request,200,OK,users_tg 1-25,text,true,,1297,179,79,79,http://localhost:8000/user/users,553,0,222
1658584240947,561,HTTP Request,200,OK,users_tg 1-98,text,true,,1297,179,78,78,http://localhost:8000/user/users,561,0,226
1658584240974,542,HTTP Request,200,OK,users_tg 1-1,text,true,,1297,179,77,77,http://localhost:8000/user/users,542,0,200
1658584240975,548,HTTP Request,200,OK,users_tg 1-49,text,true,,1297,179,76,76,http://localhost:8000/user/users,548,0,203
1658584240975,556,HTTP Request,200,OK,users_tg 1-40,text,true,,1297,179,75,75,http://localhost:8000/user/users,556,0,218
1658584240979,559,HTTP Request,200,OK,users_tg 1-39,text,true,,1297,179,74,74,http://localhost:8000/user/users,559,0,214
1658584241075,469,HTTP Request,200,OK,users_tg 1-90,text,true,,1297,179,73,73,http://localhost:8000/user/users,469,0,121
1658584240978,574,HTTP Request,200,OK,users_tg 1-15,text,true,,1297,179,72,72,http://localhost:8000/user/users,574,0,217
1658584241075,483,HTTP Request,200,OK,users_tg 1-93,text,true,,1297,179,71,71,http://localhost:8000/user/users,483,0,123
1658584241074,491,HTTP Request,200,OK,users_tg 1-91,text,true,,1297,179,70,70,http://localhost:8000/user/users,491,0,124
1658584241071,502,HTTP Request,200,OK,users_tg 1-88,text,true,,1297,179,69,69,http://localhost:8000/user/users,502,0,131
1658584241069,511,HTTP Request,200,OK,users_tg 1-87,text,true,,1297,179,68,68,http://localhost:8000/user/users,511,0,134
1658584241070,517,HTTP Request,200,OK,users_tg 1-86,text,true,,1297,179,67,67,http://localhost:8000/user/users,517,0,133
1658584241068,530,HTTP Request,200,OK,users_tg 1-85,text,true,,1297,179,66,66,http://localhost:8000/user/users,530,0,136
1658584241067,538,HTTP Request,200,OK,users_tg 1-84,text,true,,1297,179,65,65,http://localhost:8000/user/users,538,0,138
1658584241066,546,HTTP Request,200,OK,users_tg 1-83,text,true,,1297,179,64,64,http://localhost:8000/user/users,546,0,142
1658584241066,554,HTTP Request,200,OK,users_tg 1-58,text,true,,1297,179,63,63,http://localhost:8000/user/users,554,0,142
1658584241064,565,HTTP Request,200,OK,users_tg 1-81,text,true,,1297,179,62,62,http://localhost:8000/user/users,565,0,145
1658584241063,572,HTTP Request,200,OK,users_tg 1-10,text,true,,1297,179,61,61,http://localhost:8000/user/users,572,0,147
1658584241064,577,HTTP Request,200,OK,users_tg 1-57,text,true,,1297,179,60,60,http://localhost:8000/user/users,577,0,146
1658584241062,585,HTTP Request,200,OK,users_tg 1-61,text,true,,1297,179,59,59,http://localhost:8000/user/users,585,0,149
1658584241061,594,HTTP Request,200,OK,users_tg 1-47,text,true,,1297,179,58,58,http://localhost:8000/user/users,594,0,151
1658584241060,645,HTTP Request,200,OK,users_tg 1-8,text,true,,1297,179,57,57,http://localhost:8000/user/users,645,0,152
1658584241060,650,HTTP Request,200,OK,users_tg 1-36,text,true,,1297,179,56,56,http://localhost:8000/user/users,650,0,154
1658584241060,655,HTTP Request,200,OK,users_tg 1-37,text,true,,1297,179,55,55,http://localhost:8000/user/users,655,0,154
1658584241059,665,HTTP Request,200,OK,users_tg 1-64,text,true,,1297,179,54,54,http://localhost:8000/user/users,665,0,156
1658584241058,673,HTTP Request,200,OK,users_tg 1-9,text,true,,1297,179,53,53,http://localhost:8000/user/users,673,0,158
1658584241056,718,HTTP Request,200,OK,users_tg 1-99,text,true,,1297,179,52,52,http://localhost:8000/user/users,718,0,160
1658584241050,731,HTTP Request,200,OK,users_tg 1-67,text,true,,1297,179,51,51,http://localhost:8000/user/users,731,0,168
1658584241052,734,HTTP Request,200,OK,users_tg 1-3,text,true,,1297,179,50,50,http://localhost:8000/user/users,733,0,166
1658584241054,737,HTTP Request,200,OK,users_tg 1-46,text,true,,1297,179,49,49,http://localhost:8000/user/users,737,0,164
1658584241048,749,HTTP Request,200,OK,users_tg 1-44,text,true,,1297,179,48,48,http://localhost:8000/user/users,749,0,171
1658584241047,756,HTTP Request,200,OK,users_tg 1-66,text,true,,1297,179,47,47,http://localhost:8000/user/users,756,0,174
1658584241044,766,HTTP Request,200,OK,users_tg 1-63,text,true,,1297,179,46,46,http://localhost:8000/user/users,765,0,177
1658584241046,772,HTTP Request,200,OK,users_tg 1-62,text,true,,1297,179,45,45,http://localhost:8000/user/users,772,0,175
1658584241040,788,HTTP Request,200,OK,users_tg 1-28,text,true,,1297,179,44,44,http://localhost:8000/user/users,788,0,182
1658584241043,793,HTTP Request,200,OK,users_tg 1-68,text,true,,1297,179,43,43,http://localhost:8000/user/users,793,0,179
1658584241039,805,HTTP Request,200,OK,users_tg 1-69,text,true,,1297,179,42,42,http://localhost:8000/user/users,804,0,183
1658584241042,808,HTTP Request,200,OK,users_tg 1-48,text,true,,1297,179,41,41,http://localhost:8000/user/users,808,0,182
1658584241038,818,HTTP Request,200,OK,users_tg 1-59,text,true,,1297,179,40,40,http://localhost:8000/user/users,818,0,186
1658584241036,829,HTTP Request,200,OK,users_tg 1-70,text,true,,1297,179,39,39,http://localhost:8000/user/users,829,0,188
1658584241035,836,HTTP Request,200,OK,users_tg 1-73,text,true,,1297,179,38,38,http://localhost:8000/user/users,836,0,190
1658584241034,842,HTTP Request,200,OK,users_tg 1-60,text,true,,1297,179,37,37,http://localhost:8000/user/users,842,0,192
1658584241032,849,HTTP Request,200,OK,users_tg 1-71,text,true,,1297,179,36,36,http://localhost:8000/user/users,849,0,194
1658584241032,854,HTTP Request,200,OK,users_tg 1-72,text,true,,1297,179,35,35,http://localhost:8000/user/users,854,0,196
1658584241031,859,HTTP Request,200,OK,users_tg 1-65,text,true,,1297,179,34,34,http://localhost:8000/user/users,859,0,197
1658584241030,865,HTTP Request,200,OK,users_tg 1-77,text,true,,1297,179,33,33,http://localhost:8000/user/users,865,0,199
1658584241030,870,HTTP Request,200,OK,users_tg 1-78,text,true,,1297,179,32,32,http://localhost:8000/user/users,870,0,200
1658584241029,880,HTTP Request,200,OK,users_tg 1-76,text,true,,1297,179,31,31,http://localhost:8000/user/users,880,0,201
1658584241028,888,HTTP Request,200,OK,users_tg 1-82,text,true,,1297,179,30,30,http://localhost:8000/user/users,887,0,203
1658584241028,894,HTTP Request,200,OK,users_tg 1-75,text,true,,1297,179,29,29,http://localhost:8000/user/users,894,0,204
1658584241028,900,HTTP Request,200,OK,users_tg 1-74,text,true,,1297,179,28,28,http://localhost:8000/user/users,900,0,204
1658584241025,914,HTTP Request,200,OK,users_tg 1-80,text,true,,1297,179,27,27,http://localhost:8000/user/users,914,0,208
1658584241025,933,HTTP Request,200,OK,users_tg 1-79,text,true,,1297,179,26,26,http://localhost:8000/user/users,933,0,208
1658584240949,1088,HTTP Request,200,OK,users_tg 1-22,text,true,,1297,179,25,25,http://localhost:8000/user/users,1088,0,285
1658584240981,1061,HTTP Request,200,OK,users_tg 1-41,text,true,,1297,179,24,24,http://localhost:8000/user/users,1061,0,253
1658584240988,1061,HTTP Request,200,OK,users_tg 1-16,text,true,,1297,179,23,23,http://localhost:8000/user/users,1061,0,247
1658584240948,1108,HTTP Request,200,OK,users_tg 1-21,text,true,,1297,179,22,22,http://localhost:8000/user/users,1108,0,287
1658584240990,1073,HTTP Request,200,OK,users_tg 1-12,text,true,,1297,179,21,21,http://localhost:8000/user/users,1073,0,246
1658584240990,1081,HTTP Request,200,OK,users_tg 1-56,text,true,,1297,179,20,20,http://localhost:8000/user/users,1081,0,247
1658584240992,1085,HTTP Request,200,OK,users_tg 1-97,text,true,,1297,179,19,19,http://localhost:8000/user/users,1085,0,245
1658584241016,1066,HTTP Request,200,OK,users_tg 1-2,text,true,,1297,179,18,18,http://localhost:8000/user/users,1066,0,221
1658584240994,1095,HTTP Request,200,OK,users_tg 1-94,text,true,,1297,179,17,17,http://localhost:8000/user/users,1094,0,244
1658584241015,1079,HTTP Request,200,OK,users_tg 1-20,text,true,,1297,179,16,16,http://localhost:8000/user/users,1079,0,223
1658584240994,1105,HTTP Request,200,OK,users_tg 1-45,text,true,,1297,179,15,15,http://localhost:8000/user/users,1105,0,245
1658584240995,1110,HTTP Request,200,OK,users_tg 1-35,text,true,,1297,179,14,14,http://localhost:8000/user/users,1110,0,245
1658584241014,1097,HTTP Request,200,OK,users_tg 1-17,text,true,,1297,179,13,13,http://localhost:8000/user/users,1097,0,226
1658584241013,1104,HTTP Request,200,OK,users_tg 1-92,text,true,,1297,179,12,12,http://localhost:8000/user/users,1104,0,228
1658584241014,1109,HTTP Request,200,OK,users_tg 1-50,text,true,,1297,179,11,11,http://localhost:8000/user/users,1108,0,228
1658584241013,1116,HTTP Request,200,OK,users_tg 1-43,text,true,,1297,179,10,10,http://localhost:8000/user/users,1116,0,230
1658584240985,1150,HTTP Request,200,OK,users_tg 1-38,text,true,,1297,179,9,9,http://localhost:8000/user/users,1150,0,258
1658584240995,1148,HTTP Request,200,OK,users_tg 1-24,text,true,,1297,179,8,8,http://localhost:8000/user/users,1147,0,248
1658584240999,1149,HTTP Request,200,OK,users_tg 1-42,text,true,,1297,179,7,7,http://localhost:8000/user/users,1149,0,245
1658584241006,1148,HTTP Request,200,OK,users_tg 1-27,text,true,,1297,179,6,6,http://localhost:8000/user/users,1148,0,239
1658584240998,1164,HTTP Request,200,OK,users_tg 1-33,text,true,,1297,179,5,5,http://localhost:8000/user/users,1164,0,247
1658584241005,1163,HTTP Request,200,OK,users_tg 1-19,text,true,,1297,179,4,4,http://localhost:8000/user/users,1163,0,241
1658584241002,1173,HTTP Request,200,OK,users_tg 1-32,text,true,,1297,179,3,3,http://localhost:8000/user/users,1173,0,245
1658584240982,1200,HTTP Request,200,OK,users_tg 1-5,text,true,,1297,179,2,2,http://localhost:8000/user/users,1200,0,266
1658584240983,1206,HTTP Request,200,OK,users_tg 1-13,text,true,,1297,179,1,1,http://localhost:8000/user/users,1205,0,265
1658675235414,288,HTTP Request,200,OK,users_tg 1-87,text,true,,1011,179,100,100,http://localhost:8000/user/users,276,0,128
1658675235485,217,HTTP Request,200,OK,users_tg 1-35,text,true,,1011,179,100,100,http://localhost:8000/user/users,216,0,58
1658675235532,183,HTTP Request,200,OK,users_tg 1-10,text,true,,1011,179,100,100,http://localhost:8000/user/users,183,0,12
1658675235445,257,HTTP Request,200,OK,users_tg 1-43,text,true,,1011,179,100,100,http://localhost:8000/user/users,245,0,95
1658675235446,289,HTTP Request,200,OK,users_tg 1-90,text,true,,1011,179,96,96,http://localhost:8000/user/users,289,0,98
1658675235533,215,HTTP Request,200,OK,users_tg 1-14,text,true,,1011,179,95,95,http://localhost:8000/user/users,215,0,8
1658675235533,224,HTTP Request,200,OK,users_tg 1-84,text,true,,1011,179,94,94,http://localhost:8000/user/users,224,0,8
1658675235447,321,HTTP Request,200,OK,users_tg 1-23,text,true,,1011,179,93,93,http://localhost:8000/user/users,321,0,98
1658675235448,337,HTTP Request,200,OK,users_tg 1-28,text,true,,1011,179,92,92,http://localhost:8000/user/users,337,0,93
1658675235448,351,HTTP Request,200,OK,users_tg 1-95,text,true,,1011,179,91,91,http://localhost:8000/user/users,351,0,97
1658675235531,275,HTTP Request,200,OK,users_tg 1-1,text,true,,1011,179,90,90,http://localhost:8000/user/users,275,0,16
1658675235447,368,HTTP Request,200,OK,users_tg 1-41,text,true,,1011,179,89,89,http://localhost:8000/user/users,367,0,99
1658675235532,289,HTTP Request,200,OK,users_tg 1-56,text,true,,1011,179,88,88,http://localhost:8000/user/users,289,0,14
1658675235447,385,HTTP Request,200,OK,users_tg 1-16,text,true,,1011,179,87,87,http://localhost:8000/user/users,385,0,100
1658675235440,403,HTTP Request,200,OK,users_tg 1-24,text,true,,1011,179,86,86,http://localhost:8000/user/users,403,0,108
1658675235449,404,HTTP Request,200,OK,users_tg 1-39,text,true,,1011,179,85,85,http://localhost:8000/user/users,404,0,99
1658675235531,330,HTTP Request,200,OK,users_tg 1-49,text,true,,1011,179,84,84,http://localhost:8000/user/users,330,0,18
1658675235452,418,HTTP Request,200,OK,users_tg 1-68,text,true,,1011,179,83,83,http://localhost:8000/user/users,418,0,98
1658675235418,464,HTTP Request,200,OK,users_tg 1-9,text,true,,1011,179,82,82,http://localhost:8000/user/users,464,0,142
1658675235448,441,HTTP Request,200,OK,users_tg 1-42,text,true,,1011,179,81,81,http://localhost:8000/user/users,441,0,114
1658675235529,367,HTTP Request,200,OK,users_tg 1-8,text,true,,1011,179,80,80,http://localhost:8000/user/users,367,0,34
1658675235442,463,HTTP Request,200,OK,users_tg 1-53,text,true,,1011,179,79,79,http://localhost:8000/user/users,463,0,123
1658675235449,465,HTTP Request,200,OK,users_tg 1-27,text,true,,1011,179,78,78,http://localhost:8000/user/users,465,0,116
1658675235529,392,HTTP Request,200,OK,users_tg 1-26,text,true,,1011,179,77,77,http://localhost:8000/user/users,392,0,37
1658675235442,486,HTTP Request,200,OK,users_tg 1-69,text,true,,1011,179,76,76,http://localhost:8000/user/users,486,0,125
1658675235528,411,HTTP Request,200,OK,users_tg 1-86,text,true,,1011,179,75,75,http://localhost:8000/user/users,411,0,40
1658675235446,500,HTTP Request,200,OK,users_tg 1-67,text,true,,1011,179,74,74,http://localhost:8000/user/users,499,0,123
1658675235528,426,HTTP Request,200,OK,users_tg 1-50,text,true,,1011,179,73,73,http://localhost:8000/user/users,426,0,42
1658675235446,514,HTTP Request,200,OK,users_tg 1-93,text,true,,1011,179,72,72,http://localhost:8000/user/users,514,0,124
1658675235527,442,HTTP Request,200,OK,users_tg 1-46,text,true,,1011,179,71,71,http://localhost:8000/user/users,442,0,45
1658675235442,536,HTTP Request,200,OK,users_tg 1-12,text,true,,1011,179,70,70,http://localhost:8000/user/users,536,0,132
1658675235527,459,HTTP Request,200,OK,users_tg 1-71,text,true,,1011,179,69,69,http://localhost:8000/user/users,459,0,47
1658675235418,575,HTTP Request,200,OK,users_tg 1-25,text,true,,1011,179,68,68,http://localhost:8000/user/users,575,0,157
1658675235449,553,HTTP Request,200,OK,users_tg 1-57,text,true,,1011,179,67,67,http://localhost:8000/user/users,553,0,101
1658675235530,480,HTTP Request,200,OK,users_tg 1-83,text,true,,1011,179,66,66,http://localhost:8000/user/users,480,0,21
1658675235482,535,HTTP Request,200,OK,users_tg 1-62,text,true,,1011,179,65,65,http://localhost:8000/user/users,535,0,69
1658675235450,576,HTTP Request,200,OK,users_tg 1-32,text,true,,1011,179,64,64,http://localhost:8000/user/users,576,0,102
1658675235530,502,HTTP Request,200,OK,users_tg 1-47,text,true,,1011,179,63,63,http://localhost:8000/user/users,502,0,22
1658675235447,593,HTTP Request,200,OK,users_tg 1-91,text,true,,1011,179,62,62,http://localhost:8000/user/users,593,0,106
1658675235450,598,HTTP Request,200,OK,users_tg 1-38,text,true,,1011,179,61,61,http://localhost:8000/user/users,598,0,103
1658675235416,640,HTTP Request,200,OK,users_tg 1-40,text,true,,1011,179,60,60,http://localhost:8000/user/users,640,0,138
1658675235448,616,HTTP Request,200,OK,users_tg 1-37,text,true,,1011,179,59,59,http://localhost:8000/user/users,616,0,106
1658675235450,620,HTTP Request,200,OK,users_tg 1-92,text,true,,1011,179,58,58,http://localhost:8000/user/users,620,0,105
1658675235530,549,HTTP Request,200,OK,users_tg 1-19,text,true,,1011,179,57,57,http://localhost:8000/user/users,549,0,25
1658675235529,556,HTTP Request,200,OK,users_tg 1-66,text,true,,1011,179,56,56,http://localhost:8000/user/users,556,0,27
1658675235445,647,HTTP Request,200,OK,users_tg 1-30,text,true,,1011,179,55,55,http://localhost:8000/user/users,646,0,112
1658675235449,651,HTTP Request,200,OK,users_tg 1-20,text,true,,1011,179,54,54,http://localhost:8000/user/users,651,0,108
1658675235449,658,HTTP Request,200,OK,users_tg 1-36,text,true,,1011,179,53,53,http://localhost:8000/user/users,658,0,109
1658675235442,675,HTTP Request,200,OK,users_tg 1-48,text,true,,1011,179,52,52,http://localhost:8000/user/users,675,0,116
1658675235418,710,HTTP Request,200,OK,users_tg 1-54,text,true,,1011,179,51,51,http://localhost:8000/user/users,710,0,141
1658675235451,711,HTTP Request,200,OK,users_tg 1-21,text,true,,1011,179,50,50,http://localhost:8000/user/users,711,0,109
1658675235418,776,HTTP Request,200,OK,users_tg 1-97,text,true,,1011,179,49,49,http://localhost:8000/user/users,776,0,159
1658675235526,674,HTTP Request,200,OK,users_tg 1-33,text,true,,1011,179,48,48,http://localhost:8000/user/users,674,0,52
1658675235526,680,HTTP Request,200,OK,users_tg 1-89,text,true,,1011,179,47,47,http://localhost:8000/user/users,680,0,53
1658675235443,769,HTTP Request,200,OK,users_tg 1-5,text,true,,1011,179,46,46,http://localhost:8000/user/users,768,0,137
1658675235526,691,HTTP Request,200,OK,users_tg 1-63,text,true,,1011,179,45,45,http://localhost:8000/user/users,691,0,55
1658675235419,803,HTTP Request,200,OK,users_tg 1-70,text,true,,1011,179,44,44,http://localhost:8000/user/users,803,0,163
1658675235525,703,HTTP Request,200,OK,users_tg 1-51,text,true,,1011,179,43,43,http://localhost:8000/user/users,702,0,58
1658675235525,709,HTTP Request,200,OK,users_tg 1-44,text,true,,1011,179,42,42,http://localhost:8000/user/users,709,0,59
1658675235452,788,HTTP Request,200,OK,users_tg 1-81,text,true,,1011,179,41,41,http://localhost:8000/user/users,787,0,133
1658675235444,802,HTTP Request,200,OK,users_tg 1-22,text,true,,1011,179,40,40,http://localhost:8000/user/users,802,0,143
1658675235444,807,HTTP Request,200,OK,users_tg 1-61,text,true,,1011,179,39,39,http://localhost:8000/user/users,807,0,143
1658675235525,732,HTTP Request,200,OK,users_tg 1-65,text,true,,1011,179,38,38,http://localhost:8000/user/users,732,0,64
1658675235440,823,HTTP Request,200,OK,users_tg 1-2,text,true,,1011,179,37,37,http://localhost:8000/user/users,823,0,149
1658675235525,743,HTTP Request,200,OK,users_tg 1-6,text,true,,1011,179,36,36,http://localhost:8000/user/users,743,0,67
1658675235444,829,HTTP Request,200,OK,users_tg 1-78,text,true,,1011,179,35,35,http://localhost:8000/user/users,829,0,148
1658675235416,863,HTTP Request,200,OK,users_tg 1-74,text,true,,1011,179,34,34,http://localhost:8000/user/users,863,0,177
1658675235440,843,HTTP Request,200,OK,users_tg 1-17,text,true,,1011,179,33,33,http://localhost:8000/user/users,843,0,154
1658675235416,899,HTTP Request,200,OK,users_tg 1-79,text,true,,1011,179,32,32,http://localhost:8000/user/users,899,0,178
1658675235441,879,HTTP Request,200,OK,users_tg 1-77,text,true,,1011,179,31,31,http://localhost:8000/user/users,879,0,154
1658675235416,909,HTTP Request,200,OK,users_tg 1-11,text,true,,1011,179,30,30,http://localhost:8000/user/users,909,0,181
1658675235444,887,HTTP Request,200,OK,users_tg 1-80,text,true,,1011,179,29,29,http://localhost:8000/user/users,887,0,155
1658675235416,920,HTTP Request,200,OK,users_tg 1-15,text,true,,1011,179,28,28,http://localhost:8000/user/users,920,0,184
1658675235444,897,HTTP Request,200,OK,users_tg 1-52,text,true,,1011,179,27,27,http://localhost:8000/user/users,897,0,157
1658675235416,932,HTTP Request,200,OK,users_tg 1-82,text,true,,1011,179,26,26,http://localhost:8000/user/users,932,0,186
1658675235441,912,HTTP Request,200,OK,users_tg 1-7,text,true,,1011,179,25,25,http://localhost:8000/user/users,912,0,161
1658675235415,943,HTTP Request,200,OK,users_tg 1-98,text,true,,1011,179,24,24,http://localhost:8000/user/users,943,0,188
1658675235445,918,HTTP Request,200,OK,users_tg 1-88,text,true,,1011,179,23,23,http://localhost:8000/user/users,918,0,158
1658675235418,950,HTTP Request,200,OK,users_tg 1-60,text,true,,1011,179,22,22,http://localhost:8000/user/users,950,0,187
1658675235445,928,HTTP Request,200,OK,users_tg 1-85,text,true,,1011,179,21,21,http://localhost:8000/user/users,928,0,161
1658675235443,935,HTTP Request,200,OK,users_tg 1-55,text,true,,1011,179,20,20,http://localhost:8000/user/users,935,0,164
1658675235417,968,HTTP Request,200,OK,users_tg 1-96,text,true,,1011,179,19,19,http://localhost:8000/user/users,968,0,190
1658675235417,974,HTTP Request,200,OK,users_tg 1-64,text,true,,1011,179,18,18,http://localhost:8000/user/users,974,0,191
1658675235441,988,HTTP Request,200,OK,users_tg 1-73,text,true,,1011,179,17,17,http://localhost:8000/user/users,988,0,167
1658675235418,1017,HTTP Request,200,OK,users_tg 1-99,text,true,,1011,179,16,16,http://localhost:8000/user/users,1017,0,191
1658675235441,1000,HTTP Request,200,OK,users_tg 1-75,text,true,,1011,179,15,15,http://localhost:8000/user/users,1000,0,168
1658675235442,1005,HTTP Request,200,OK,users_tg 1-34,text,true,,1011,179,14,14,http://localhost:8000/user/users,1005,0,168
1658675235415,1037,HTTP Request,200,OK,users_tg 1-76,text,true,,1011,179,13,13,http://localhost:8000/user/users,1037,0,196
1658675235417,1041,HTTP Request,200,OK,users_tg 1-4,text,true,,1011,179,12,12,http://localhost:8000/user/users,1040,0,195
1658675235445,1018,HTTP Request,200,OK,users_tg 1-18,text,true,,1011,179,11,11,http://localhost:8000/user/users,1018,0,167
1658675235443,1025,HTTP Request,200,OK,users_tg 1-31,text,true,,1011,179,10,10,http://localhost:8000/user/users,1025,0,170
1658675235441,1032,HTTP Request,200,OK,users_tg 1-45,text,true,,1011,179,9,9,http://localhost:8000/user/users,1032,0,173
1658675235417,1061,HTTP Request,200,OK,users_tg 1-13,text,true,,1011,179,8,8,http://localhost:8000/user/users,1061,0,197
1658675235416,1070,HTTP Request,200,OK,users_tg 1-100,text,true,,1011,179,7,7,http://localhost:8000/user/users,1070,0,199
1658675235415,1077,HTTP Request,200,OK,users_tg 1-72,text,true,,1011,179,6,6,http://localhost:8000/user/users,1077,0,200
1658675235445,1052,HTTP Request,200,OK,users_tg 1-3,text,true,,1011,179,5,5,http://localhost:8000/user/users,1052,0,171
1658675235418,1084,HTTP Request,200,OK,users_tg 1-59,text,true,,1011,179,4,4,http://localhost:8000/user/users,1084,0,200
1658675235444,1063,HTTP Request,200,OK,users_tg 1-58,text,true,,1011,179,3,3,http://localhost:8000/user/users,1063,0,174
1658675235446,1066,HTTP Request,200,OK,users_tg 1-29,text,true,,1011,179,2,2,http://localhost:8000/user/users,1066,0,172
1658675235418,1099,HTTP Request,200,OK,users_tg 1-94,text,true,,1011,179,1,1,http://localhost:8000/user/users,1099,0,201
